1,ZYV,x,,,
2,79C,x,,,
3,RAF,x,,,
4,UVP,x,,,
5,Y4P,x,,,
6,D3N,x,,,
7,2DH,x,,,
8,TCS,x,,,
9,MXS,x,,,
10,32M,x,,,
11,X6Y,x,,,
12,B6I,x,,,
13,GB2,x,,,
14,S0P,x,,,7hr
15,WH6,x,,,
16,Y2I,x,,,
17,20T,x,,,
18,LDA,x,,,
19,BCH,x,,,
20,FG9,x,,,
21,1LY,x,,,
22,B28,x,,,
23,8HV,x,,,
24,7HR,x,,,
25,M12,x,,,
26,4WF,x,,,
27,C4Q,x,,,
28,2GN,x,,,
29,UXQ,x,,,
30,GV0,x,,,
31,14K,x,,,
32,0YP,x,,,
33,5RS,x,,,
34,O30,x,,,
35,0F8,x,,,
36,MSW,x,,,
37,7MY,x,,,
38,OF0,x,,,
39,ELB,x,,,
40,O9K,x,,,
41,PB1,x,,,
42,WTY,x,,,
43,HT9,x,,,
44,GMD,x,,,
45,KHD,x,,,
46,H7X,x,,,
47,U9O,x,,,
48,HON,x,,,
49,K3W,x,,,
50,7SH,x,,,
51,7BN,x,,,
52,TNO,x,,,
53,UIY,x,,,
54,PZA,x,,,
55,OS0,x,,,
56,F2A,x,,,
57,Z0,x,,,
58,Y9H,x,,,
59,1NR,x,,,
60,YTJ,x,,,
61,DUD,x,,,
62,VRG,x,,,
63,C7G,x,,,
64,4XL,x,,,
65,0CM,x,,,
66,AWA,x,,,
67,13P,x,,,
68,COK,x,,,
69,7KS,x,,,
70,HIX,x,,,
71,MOU,x,,,
72,65G,x,,,
73,ZC4,x,,,
74,RG1,x,,,
75,24C,x,,,
76,5NE,x,,,
77,8L5,x,,,
78,YO9,x,,,
79,C46,x,,,
80,9R0,x,,,
81,ZHS,x,,,
82,NKL,x,,,
83,UES,x,,,
84,PI0,x,,,
85,09V,x,,,
86,M9Q,x,,,
87,..904,x,,,
88,6KU,x,,,
89,6Q6,x,,,
90,Y0W,x,,,
91,N3T,x,,,
92,VLA,x,,,
93,0Z7,x,,,
94,H0B,x,,,
95,8UR,x,,,
96,S2E,x,,,
97,IHM,x,,,
98,X8O,x,,,
99,M7H,x,,,
100,..7E4,x,,,
101,EJ7,x,,,
102,GXO,x,,,
103,PA8,x,,,
104,W6C,x,,,
105,MQ9,x,,,
106,N6N,x,,,
107,OK2,x,,,
108,J4B,x,,,
109,2G9,x,,,
110,TXU,x,,,
111,MHA,x,,,
112,..275,x,,,
113,ATK,x,,,
114,4V5,x,,,
115,CFL,x,,,
116,66L,x,,,
117,N10,x,,,
118,XWV,x,,,
119,W15,x,,,
120,8O0,x,,,
121,67F,x,,,
122,W65,x,,,
123,8M8,x,,,
124,1UL,x,,,
125,DHR,x,,,
126,OIB,x,,,
127,EB5,x,,,
128,ZF8,x,,,
129,XJ9,x,,,
130,GXD,x,,,
131,40D,x,,,
132,LWX,x,,,
133,0MY,x,,,
134,2LY,x,,,
135,EIV,x,,,
136,Z4D,x,,,
137,5CO,x,,,
138,JGM,x,,,
139,D21,x,,,
140,KJ2,x,,,
141,C1V,x,,,
142,JBU,x,,,
143,KU9,x,,,
144,LUK,x,,,
145,Z8V,x,,,
146,RIR,x,,,
147,SLJ,x,,,
148,W3T,x,,,
149,MQ1,x,,,
150,DVU,x,,,
151,SM9,x,,,
152,..064,x,,,
153,YLG,x,,,
154,Y2U,x,,,
155,ZUH,x,,,
156,BKY,x,,,
157,8DF,x,,,
158,0SH,x,,,
159,QPV,x,,,
160,XRK,x,,,
161,68Z,x,,,
162,L9W,x,,,
163,GUJ,x,,,
164,ND6,x,,,
165,WY8,x,,,
166,8RH,x,,,
167,AWU,x,,,
168,A5F,x,,,
169,63H,x,,,
170,F78,x,,,
171,ZWX,x,,,
172,DP7,x,,,
173,S2B,x,,,
174,MAC,x,,,
175,TWV,x,,,
176,2T6,x,,,
177,PR0,x,,,
178,YKP,x,,,
179,63W,x,,,
180,MJJ,x,,,
181,WL7,x,,,
182,0PB,x,,,
183,FUQ,x,,,
184,QY4,x,,,
185,42Z,x,,,
186,1WW,x,,,
187,HJW,x,,,
188,R5R,x,,,
189,B82,x,,,
190,T6H,x,,,
191,C4E,x,,,
192,KDA,x,,,
193,86A,x,,,
194,QBW,x,,,
195,488,x,,,
196,ORN,x,,,
197,3I6,x,,,
198,EV4,x,,,
199,QKW,x,,,
200,UWA,x,,,
201,YKX,x,,,
202,RLD,x,,,
203,GTI,x,,,
204,553,x,,,
205,67R,x,,,
206,8TP,x,,,
207,GUF,x,,,
208,2T6,x,,,
209,DKB,x,,,
210,IDG,x,,,
211,OGJ,x,,,
212,1KG,x,,,
213,7TL,x,,,
214,85S,x,,,
215,1IW,x,,,
216,19T,x,,,
217,D6O,x,,,
218,25M,x,,,
219,QXL,x,,,
220,6I2,x,,,
221,DGI,x,,,
222,CWK,x,,,
223,GB2,x,,,
224,A88,x,,,